7.9_raw.csv_filtered_by_correlation15_SNR20_all_replacement_strategy_1,2022-11-26 23:05:48.265029
7.9_raw.csv_filtered_by_correlation15_SNR20_individual_replacement_strategy_1,2022-11-26 23:05:48.314918
7.6_raw.csv_filtered_by_correlation15_SNR20_all_replacement_strategy_1,2022-11-26 23:05:48.384736
7.6_raw.csv_filtered_by_correlation15_SNR20_individual_replacement_strategy_1,2022-11-26 23:05:48.446432
7.2_raw.csv_filtered_by_correlation15_SNR20_all_replacement_strategy_1,2022-11-26 23:05:48.520265
7.2_raw.csv_filtered_by_correlation15_SNR20_individual_replacement_strategy_1,2022-11-26 23:05:48.572108
Complete Duration,0:00:59.175967
Complete Duration,0:00:00
Complete Duration,0:00:00
Complete Duration,0:00:00
Complete Duration,0:00:00
Complete Duration,0:00:00
Complete Duration,0:00:00
Complete Duration,0:00:00
Complete Duration,0:00:00
Complete Duration,0:00:00
Complete Duration,0:00:00
7.9_raw.csv_filtered_by_correlation15_SNR20_all_replacement_strategy_1,2022-12-01 02:40:18.340118
7.9_raw.csv_filtered_by_correlation15_SNR20_individual_replacement_strategy_1,2022-12-01 02:40:18.415084
7.6_raw.csv_filtered_by_correlation15_SNR20_all_replacement_strategy_1,2022-12-01 02:40:18.567198
7.6_raw.csv_filtered_by_correlation15_SNR20_individual_replacement_strategy_1,2022-12-01 02:40:18.700810
7.2_raw.csv_filtered_by_correlation15_SNR20_all_replacement_strategy_1,2022-12-01 02:40:18.866589
7.2_raw.csv_filtered_by_correlation15_SNR20_individual_replacement_strategy_1,2022-12-01 02:40:19.010425
Complete Duration,0:00:00
7.9_raw.csv_filtered_by_correlation15_SNR20_all_replacement_strategy_1,2022-12-01 02:40:24.000750
7.9_raw.csv_filtered_by_correlation15_SNR20_individual_replacement_strategy_1,2022-12-01 02:40:24.172340
7.6_raw.csv_filtered_by_correlation15_SNR20_all_replacement_strategy_1,2022-12-01 02:40:24.360241
7.6_raw.csv_filtered_by_correlation15_SNR20_individual_replacement_strategy_1,2022-12-01 02:40:24.502886
7.2_raw.csv_filtered_by_correlation15_SNR20_all_replacement_strategy_1,2022-12-01 02:40:24.674423
7.2_raw.csv_filtered_by_correlation15_SNR20_individual_replacement_strategy_1,2022-12-01 02:40:24.872987
7.9_raw.csv_filtered_by_correlation20_SNR15_all_replacement_strategy_1,2022-12-01 11:55:33.945472
7.9_raw.csv_filtered_by_correlation20_SNR15_individual_replacement_strategy_1,2022-12-01 11:55:34.006202
7.6_raw.csv_filtered_by_correlation20_SNR15_all_replacement_strategy_1,2022-12-01 11:55:34.069020
7.6_raw.csv_filtered_by_correlation20_SNR15_individual_replacement_strategy_1,2022-12-01 11:55:34.123683
7.2_raw.csv_filtered_by_correlation20_SNR15_all_replacement_strategy_1,2022-12-01 11:55:34.177570
7.2_raw.csv_filtered_by_correlation20_SNR15_individual_replacement_strategy_1,2022-12-01 11:55:34.227609
Complete Duration,0:00:00.415884
7.9_raw.csv_filtered_by_correlation20_SNR15_all_replacement_strategy_5,2022-12-01 11:56:53.030612
7.9_raw.csv_filtered_by_correlation20_SNR15_individual_replacement_strategy_5,2022-12-01 11:56:53.109610
7.6_raw.csv_filtered_by_correlation20_SNR15_all_replacement_strategy_5,2022-12-01 11:56:53.190018
7.6_raw.csv_filtered_by_correlation20_SNR15_individual_replacement_strategy_5,2022-12-01 11:56:53.262782
7.2_raw.csv_filtered_by_correlation20_SNR15_all_replacement_strategy_5,2022-12-01 11:56:53.325751
7.2_raw.csv_filtered_by_correlation20_SNR15_individual_replacement_strategy_5,2022-12-01 11:56:53.380844
Complete Duration,0:00:00.468600
